point_index,RSU_m,ZSU_m,RSW_m,ZSW_m
   1,  0.10313919E+02,  0.88825232E+00,  0.10488829E+02,  0.97687989E+00
   2,  0.10307060E+02,  0.11135039E+01,  0.10481500E+02,  0.12244993E+01
   3,  0.10284154E+02,  0.13375897E+01,  0.10457273E+02,  0.14712713E+01
   4,  0.10249957E+02,  0.15603948E+01,  0.10418570E+02,  0.17160826E+01
   5,  0.10198556E+02,  0.17797847E+01,  0.10363580E+02,  0.19577341E+01
   6,  0.10135938E+02,  0.19962065E+01,  0.10292982E+02,  0.21953726E+01
   7,  0.10058371E+02,  0.22078233E+01,  0.10207817E+02,  0.24281285E+01
   8,  0.99673882E+01,  0.24139760E+01,  0.10107877E+02,  0.26548934E+01
   9,  0.98640862E+01,  0.26142573E+01,  0.99940605E+01,  0.28750753E+01
  10,  0.97492609E+01,  0.28081656E+01,  0.98676682E+01,  0.30882666E+01
  11,  0.96229277E+01,  0.29947827E+01,  0.97290049E+01,  0.32936668E+01
  12,  0.94867535E+01,  0.31743507E+01,  0.95791540E+01,  0.34910975E+01
  13,  0.93423748E+01,  0.33473821E+01,  0.94200201E+01,  0.36810846E+01
  14,  0.91901302E+01,  0.35135584E+01,  0.92532177E+01,  0.38644271E+01
  15,  0.90322962E+01,  0.36744308E+01,  0.90793676E+01,  0.40410981E+01
  16,  0.88676138E+01,  0.38283033E+01,  0.88980160E+01,  0.42100253E+01
  17,  0.86962891E+01,  0.39746885E+01,  0.87100534E+01,  0.43715887E+01
  18,  0.85207424E+01,  0.41160011E+01,  0.85169573E+01,  0.45269661E+01
  19,  0.83418207E+01,  0.42530265E+01,  0.83199854E+01,  0.46774321E+01
  20,  0.81593752E+01,  0.43853359E+01,  0.81192570E+01,  0.48228188E+01
  21,  0.79730215E+01,  0.45120611E+01,  0.79143324E+01,  0.49622316E+01
  22,  0.77830467E+01,  0.46333089E+01,  0.77054572E+01,  0.50956898E+01
  23,  0.75893955E+01,  0.47486014E+01,  0.74925838E+01,  0.52226272E+01
  24,  0.73921213E+01,  0.48575182E+01,  0.72751646E+01,  0.53415370E+01
  25,  0.71892571E+01,  0.49556351E+01,  0.70524096E+01,  0.54501810E+01
  26,  0.69807520E+01,  0.50410600E+01,  0.68229938E+01,  0.55437589E+01
  27,  0.67641816E+01,  0.51028862E+01,  0.65851293E+01,  0.56132627E+01
  28,  0.65410800E+01,  0.51331248E+01,  0.63393145E+01,  0.56448746E+01
  29,  0.63173633E+01,  0.51121392E+01,  0.60927253E+01,  0.56223092E+01
  30,  0.61088924E+01,  0.50291142E+01,  0.58652635E+01,  0.55303745E+01
  31,  0.59330158E+01,  0.48890305E+01,  0.56707902E+01,  0.53768535E+01
  32,  0.57905169E+01,  0.47148094E+01,  0.55139661E+01,  0.51854186E+01
  33,  0.56759701E+01,  0.45208716E+01,  0.53881283E+01,  0.49719472E+01
  34,  0.55832219E+01,  0.43155522E+01,  0.52861357E+01,  0.47461414E+01
  35,  0.55083284E+01,  0.41030188E+01,  0.52036328E+01,  0.45124693E+01
  36,  0.54480667E+01,  0.38858857E+01,  0.51376357E+01,  0.42735686E+01
  37,  0.54014297E+01,  0.36654222E+01,  0.50864921E+01,  0.40310893E+01
  38,  0.53688469E+01,  0.34424272E+01,  0.50499854E+01,  0.37859664E+01
  39,  0.53473706E+01,  0.32180874E+01,  0.50267835E+01,  0.35391736E+01
  40,  0.53365049E+01,  0.29929790E+01,  0.50148396E+01,  0.32916076E+01
  41,  0.53341718E+01,  0.27676139E+01,  0.50121856E+01,  0.30437648E+01
  42,  0.53382187E+01,  0.25422676E+01,  0.50166655E+01,  0.27959290E+01
  43,  0.53468914E+01,  0.23170495E+01,  0.50261559E+01,  0.25482354E+01
  44,  0.53588543E+01,  0.20919807E+01,  0.50394597E+01,  0.23007209E+01
  45,  0.53732071E+01,  0.18670514E+01,  0.50551691E+01,  0.20533433E+01
  46,  0.53880258E+01,  0.16421514E+01,  0.50715880E+01,  0.18060093E+01
  47,  0.54043007E+01,  0.14173529E+01,  0.50893226E+01,  0.15587723E+01
  48,  0.54223046E+01,  0.11926856E+01,  0.51092286E+01,  0.13116977E+01
  49,  0.54422693E+01,  0.96818477E+00,  0.51306934E+01,  0.10647494E+01
  50,  0.54629369E+01,  0.74374700E+00,  0.51538725E+01,  0.81796068E+00
  51,  0.54859877E+01,  0.51954234E+00,  0.51794658E+01,  0.57141405E+00
  52,  0.55125995E+01,  0.29573479E+00,  0.52079163E+01,  0.32517648E+00
  53,  0.55411396E+01,  0.72162680E-01,  0.52398124E+01,  0.79360597E-01
  54,  0.55740180E+01, -0.15081199E+00,  0.52758551E+01, -0.16588041E+00
  55,  0.56106105E+01, -0.37320560E+00,  0.53162889E+01, -0.41043410E+00
  56,  0.56514034E+01, -0.59486800E+00,  0.53610849E+01, -0.65422565E+00
  57,  0.56957994E+01, -0.81583691E+00,  0.54099855E+01, -0.89722669E+00
  58,  0.57434978E+01, -0.10361191E+01,  0.54624243E+01, -0.11394912E+01
  59,  0.57935166E+01, -0.12558854E+01,  0.55175490E+01, -0.13811582E+01
  60,  0.58453288E+01, -0.14752365E+01,  0.55741839E+01, -0.16224748E+01
  61,  0.58969579E+01, -0.16946312E+01,  0.56311450E+01, -0.18637197E+01
  62,  0.59479437E+01, -0.19141748E+01,  0.56872182E+01, -0.21051793E+01
  63,  0.59969206E+01, -0.21341760E+01,  0.57409844E+01, -0.23471239E+01
  64,  0.60422473E+01, -0.23549569E+01,  0.57909584E+01, -0.25899112E+01
  65,  0.60828466E+01, -0.25766480E+01,  0.58356795E+01, -0.28338578E+01
  66,  0.61179109E+01, -0.27992890E+01,  0.58739710E+01, -0.30784466E+01
  67,  0.61463776E+01, -0.30228624E+01,  0.59054317E+01, -0.33241239E+01
  68,  0.61700063E+01, -0.32470038E+01,  0.59312239E+01, -0.35725653E+01
  69,  0.61926732E+01, -0.34712598E+01,  0.59565697E+01, -0.38165417E+01
  70,  0.62192597E+01, -0.36950469E+01,  0.59873810E+01, -0.40573668E+01
  71,  0.62598834E+01, -0.39163010E+01,  0.60281553E+01, -0.43254824E+01
  72,  0.63485222E+01, -0.41241508E+01,  0.61277623E+01, -0.45366139E+01
  73,  0.65474949E+01, -0.41483660E+01,  0.63395305E+01, -0.45556502E+01
  74,  0.67538848E+01, -0.40550675E+01,  0.65780778E+01, -0.44592185E+01
  75,  0.69462919E+01, -0.39372575E+01,  0.67859054E+01, -0.43300314E+01
  76,  0.71290874E+01, -0.38056402E+01,  0.69850936E+01, -0.41851034E+01
  77,  0.73046775E+01, -0.36643496E+01,  0.71796751E+01, -0.40301523E+01
  78,  0.74755011E+01, -0.35173244E+01,  0.73673935E+01, -0.38683755E+01
  79,  0.76439705E+01, -0.33676090E+01,  0.75523720E+01, -0.37035768E+01
  80,  0.78112350E+01, -0.32165565E+01,  0.77364426E+01, -0.35375009E+01
  81,  0.79777226E+01, -0.30646539E+01,  0.79195538E+01, -0.33704493E+01
  82,  0.81434498E+01, -0.29119217E+01,  0.81017895E+01, -0.32024632E+01
  83,  0.83082190E+01, -0.27581489E+01,  0.82830048E+01, -0.30333498E+01
  84,  0.84716740E+01, -0.26029699E+01,  0.84627647E+01, -0.28626854E+01
  85,  0.86331654E+01, -0.24457490E+01,  0.86403971E+01, -0.26897984E+01
  86,  0.87916441E+01, -0.22855010E+01,  0.88147202E+01, -0.25135896E+01
  87,  0.89459743E+01, -0.21212492E+01,  0.89840679E+01, -0.23326166E+01
  88,  0.90948811E+01, -0.19520580E+01,  0.91480446E+01, -0.21467371E+01
  89,  0.92390490E+01, -0.17788540E+01,  0.93064394E+01, -0.19560996E+01
  90,  0.93775129E+01, -0.16010058E+01,  0.94581585E+01, -0.17601597E+01
  91,  0.95085945E+01, -0.14176967E+01,  0.96031866E+01, -0.15591775E+01
  92,  0.96347218E+01, -0.12309219E+01,  0.97417049E+01, -0.13536341E+01
  93,  0.97526350E+01, -0.10388653E+01,  0.98715992E+01, -0.11425484E+01
  94,  0.98610544E+01, -0.84129322E+00,  0.99907913E+01, -0.92523915E+00
  95,  0.99587374E+01, -0.63820183E+00,  0.10098074E+02, -0.70183325E+00
  96,  0.10045492E+02, -0.43020949E+00,  0.10193810E+02, -0.47320649E+00
  97,  0.10122048E+02, -0.21825594E+00,  0.10277991E+02, -0.24009740E+00
  98,  0.10187137E+02, -0.25125225E-02,  0.10349125E+02, -0.26547494E-02
  99,  0.10238172E+02,  0.21699551E+00,  0.10405490E+02,  0.23863699E+00
 100,  0.10275434E+02,  0.43920568E+00,  0.10446690E+02,  0.48299173E+00
 101,  0.10301031E+02,  0.66313875E+00,  0.10475418E+02,  0.72939885E+00
