theta_rad / psi_index,   1,   2,   3,   4,   5,   6,   7,   8,   9,  10,  11,  12,  13,  14,  15,  16,  17,  18,  19,  20,  21,  22,  23,  24,  25,  26,  27,  28,  29,  30,  31,  32,  33,  34,  35,  36,  37,  38,  39,  40,  41,  42,  43,  44,  45,  46,  47,  48,  49,  50
  0.00000000E+00,  0.88825232E+00,  0.88825232E+00,  0.88825232E+00,  0.88825232E+00,  0.88825232E+00,  0.88825232E+00,  0.88825232E+00,  0.88825232E+00,  0.88825232E+00,  0.88825232E+00,  0.88825232E+00,  0.88825232E+00,  0.88825232E+00,  0.88825232E+00,  0.88825232E+00,  0.88825232E+00,  0.88825232E+00,  0.88825232E+00,  0.88825232E+00,  0.88825232E+00,  0.88825232E+00,  0.88825232E+00,  0.88825232E+00,  0.88825232E+00,  0.88825232E+00,  0.88825232E+00,  0.88825232E+00,  0.88825232E+00,  0.88825232E+00,  0.88825232E+00,  0.88825232E+00,  0.88825232E+00,  0.88825232E+00,  0.88825232E+00,  0.88825232E+00,  0.88825232E+00,  0.88825232E+00,  0.88825232E+00,  0.88825232E+00,  0.88825232E+00,  0.88825232E+00,  0.88825232E+00,  0.88825232E+00,  0.88825232E+00,  0.90302354E+00,  0.91779482E+00,  0.93256611E+00,  0.94733739E+00,  0.96210861E+00,  0.97687989E+00
  0.98174770E-01,  0.88825232E+00,  0.89367867E+00,  0.89921904E+00,  0.90487731E+00,  0.91056913E+00,  0.91627324E+00,  0.92196620E+00,  0.92766428E+00,  0.93339205E+00,  0.93917978E+00,  0.94504970E+00,  0.95101249E+00,  0.95706993E+00,  0.96322757E+00,  0.96949244E+00,  0.97586107E+00,  0.98232687E+00,  0.98890674E+00,  0.99560028E+00,  0.10023391E+01,  0.10091757E+01,  0.10160450E+01,  0.10223937E+01,  0.10283464E+01,  0.10344121E+01,  0.10406920E+01,  0.10471703E+01,  0.10538677E+01,  0.10608022E+01,  0.10679884E+01,  0.10754479E+01,  0.10832068E+01,  0.10912954E+01,  0.10997533E+01,  0.11086314E+01,  0.11179999E+01,  0.11279579E+01,  0.11386403E+01,  0.11502308E+01,  0.11630775E+01,  0.11777674E+01,  0.11954185E+01,  0.12184141E+01,  0.12432816E+01,  0.12639568E+01,  0.12846321E+01,  0.13053073E+01,  0.13259826E+01,  0.13466579E+01,  0.13673331E+01
  0.19634954E+00,  0.88825232E+00,  0.89908934E+00,  0.91015214E+00,  0.92144835E+00,  0.93280983E+00,  0.94419414E+00,  0.95555419E+00,  0.96692365E+00,  0.97835112E+00,  0.98989707E+00,  0.10016055E+01,  0.10134981E+01,  0.10255777E+01,  0.10378562E+01,  0.10503484E+01,  0.10630453E+01,  0.10759313E+01,  0.10890472E+01,  0.11023968E+01,  0.11158211E+01,  0.11294289E+01,  0.11431501E+01,  0.11558299E+01,  0.11676635E+01,  0.11797470E+01,  0.11922739E+01,  0.12051837E+01,  0.12185264E+01,  0.12323426E+01,  0.12466584E+01,  0.12615160E+01,  0.12769670E+01,  0.12930719E+01,  0.13099087E+01,  0.13275784E+01,  0.13462193E+01,  0.13660282E+01,  0.13872743E+01,  0.14103209E+01,  0.14358487E+01,  0.14650466E+01,  0.15001714E+01,  0.15458090E+01,  0.15949371E+01,  0.16214603E+01,  0.16479834E+01,  0.16745065E+01,  0.17010297E+01,  0.17275529E+01,  0.17540760E+01
  0.29452431E+00,  0.88825232E+00,  0.90446925E+00,  0.92101920E+00,  0.93791306E+00,  0.95489985E+00,  0.97191715E+00,  0.98889369E+00,  0.10058817E+01,  0.10229524E+01,  0.10401976E+01,  0.10576814E+01,  0.10754374E+01,  0.10934694E+01,  0.11117938E+01,  0.11304377E+01,  0.11493877E+01,  0.11686119E+01,  0.11881626E+01,  0.12080771E+01,  0.12281148E+01,  0.12483648E+01,  0.12687564E+01,  0.12877483E+01,  0.13054670E+01,  0.13234450E+01,  0.13421042E+01,  0.13613575E+01,  0.13812486E+01,  0.14018366E+01,  0.14231658E+01,  0.14452988E+01,  0.14683102E+01,  0.14922893E+01,  0.15173513E+01,  0.15436445E+01,  0.15713730E+01,  0.16008242E+01,  0.16323881E+01,  0.16665982E+01,  0.17044598E+01,  0.17476672E+01,  0.17995203E+01,  0.18668641E+01,  0.19391943E+01,  0.19714423E+01,  0.20036902E+01,  0.20359383E+01,  0.20681863E+01,  0.21004343E+01,  0.21326823E+01
  0.39269908E+00,  0.88825232E+00,  0.90980202E+00,  0.93178469E+00,  0.95421463E+00,  0.97675973E+00,  0.99933976E+00,  0.10218570E+01,  0.10443823E+01,  0.10670084E+01,  0.10898608E+01,  0.11130240E+01,  0.11365433E+01,  0.11604259E+01,  0.11846855E+01,  0.12093620E+01,  0.12344450E+01,  0.12598957E+01,  0.12857634E+01,  0.13120829E+01,  0.13386029E+01,  0.13654672E+01,  0.13924123E+01,  0.14173716E+01,  0.14407972E+01,  0.14646440E+01,  0.14893208E+01,  0.15147574E+01,  0.15410380E+01,  0.15682369E+01,  0.15964072E+01,  0.16256301E+01,  0.16560030E+01,  0.16876411E+01,  0.17206943E+01,  0.17553540E+01,  0.17918849E+01,  0.18306602E+01,  0.18721858E+01,  0.19171556E+01,  0.19668565E+01,  0.20234582E+01,  0.20911846E+01,  0.21787431E+01,  0.22728975E+01,  0.23106949E+01,  0.23484921E+01,  0.23862896E+01,  0.24240868E+01,  0.24618843E+01,  0.24996815E+01
  0.49087385E+00,  0.88825232E+00,  0.91506910E+00,  0.94240856E+00,  0.97029084E+00,  0.99830437E+00,  0.10263517E+01,  0.10543017E+01,  0.10822501E+01,  0.11103116E+01,  0.11386456E+01,  0.11673578E+01,  0.11965036E+01,  0.12260950E+01,  0.12561470E+01,  0.12867001E+01,  0.13177419E+01,  0.13492332E+01,  0.13812622E+01,  0.14138471E+01,  0.14466110E+01,  0.14797245E+01,  0.15130272E+01,  0.15440022E+01,  0.15730171E+01,  0.16024849E+01,  0.16329777E+01,  0.16644098E+01,  0.16968833E+01,  0.17304795E+01,  0.17652632E+01,  0.18013343E+01,  0.18388096E+01,  0.18778284E+01,  0.19185709E+01,  0.19612683E+01,  0.20062366E+01,  0.20539265E+01,  0.21049447E+01,  0.21601191E+01,  0.22210178E+01,  0.22901769E+01,  0.23727219E+01,  0.24790974E+01,  0.25926349E+01,  0.26357493E+01,  0.26788638E+01,  0.27219782E+01,  0.27650928E+01,  0.28082073E+01,  0.28513217E+01
  0.58904862E+00,  0.88825232E+00,  0.92024863E+00,  0.95284474E+00,  0.98607200E+00,  0.10194395E+01,  0.10528206E+01,  0.10860626E+01,  0.11192847E+01,  0.11526288E+01,  0.11862841E+01,  0.12203790E+01,  0.12549760E+01,  0.12900865E+01,  0.13257371E+01,  0.13619778E+01,  0.13987890E+01,  0.14361247E+01,  0.14740717E+01,  0.15126508E+01,  0.15514390E+01,  0.15906825E+01,  0.16301700E+01,  0.16668196E+01,  0.17011515E+01,  0.17360514E+01,  0.17721411E+01,  0.18093349E+01,  0.18477540E+01,  0.18874844E+01,  0.19286047E+01,  0.19712305E+01,  0.20154955E+01,  0.20615597E+01,  0.21096308E+01,  0.21599736E+01,  0.22129519E+01,  0.22690840E+01,  0.23290589E+01,  0.23938203E+01,  0.24651685E+01,  0.25460577E+01,  0.26422181E+01,  0.27650802E+01,  0.28965511E+01,  0.29447196E+01,  0.29928880E+01,  0.30410564E+01,  0.30892248E+01,  0.31373932E+01,  0.31855617E+01
  0.68722339E+00,  0.88825232E+00,  0.92531413E+00,  0.96303862E+00,  0.10014778E+01,  0.10400473E+01,  0.10785897E+01,  0.11169478E+01,  0.11552554E+01,  0.11936941E+01,  0.12324731E+01,  0.12717416E+01,  0.13115766E+01,  0.13519926E+01,  0.13930124E+01,  0.14346969E+01,  0.14770255E+01,  0.15199511E+01,  0.15635748E+01,  0.16079061E+01,  0.16524819E+01,  0.16975701E+01,  0.17428663E+01,  0.17849225E+01,  0.18243508E+01,  0.18644222E+01,  0.19058429E+01,  0.19485191E+01,  0.19925882E+01,  0.20381482E+01,  0.20852857E+01,  0.21341300E+01,  0.21848307E+01,  0.22375655E+01,  0.22925649E+01,  0.23501232E+01,  0.24106448E+01,  0.24747014E+01,  0.25430598E+01,  0.26167552E+01,  0.26977475E+01,  0.27893493E+01,  0.28978436E+01,  0.30359721E+01,  0.31826112E+01,  0.32355366E+01,  0.32884622E+01,  0.33413877E+01,  0.33943131E+01,  0.34472387E+01,  0.35001643E+01
  0.78539816E+00,  0.88825232E+00,  0.93023282E+00,  0.97292364E+00,  0.10164102E+01,  0.10599830E+01,  0.11034737E+01,  0.11467292E+01,  0.11899009E+01,  0.12331978E+01,  0.12768533E+01,  0.13210440E+01,  0.13658574E+01,  0.14113065E+01,  0.14574268E+01,  0.15042747E+01,  0.15518246E+01,  0.16000386E+01,  0.16490332E+01,  0.16988084E+01,  0.17488956E+01,  0.17995331E+01,  0.18502688E+01,  0.18974822E+01,  0.19417231E+01,  0.19866117E+01,  0.20330486E+01,  0.20808961E+01,  0.21302786E+01,  0.21813288E+01,  0.22341335E+01,  0.22888319E+01,  0.23455892E+01,  0.24045987E+01,  0.24661107E+01,  0.25304453E+01,  0.25980434E+01,  0.26695275E+01,  0.27457347E+01,  0.28278053E+01,  0.29178696E+01,  0.30194712E+01,  0.31393034E+01,  0.32907374E+01,  0.34519761E+01,  0.35093811E+01,  0.35667858E+01,  0.36241908E+01,  0.36815958E+01,  0.37390008E+01,  0.37964056E+01
  0.88357293E+00,  0.88825232E+00,  0.93496281E+00,  0.98241729E+00,  0.10307379E+01,  0.10790689E+01,  0.11272494E+01,  0.11751363E+01,  0.12229048E+01,  0.12707642E+01,  0.13190039E+01,  0.13678265E+01,  0.14173188E+01,  0.14675014E+01,  0.15184087E+01,  0.15700954E+01,  0.16225528E+01,  0.16757329E+01,  0.17297221E+01,  0.17845268E+01,  0.18396857E+01,  0.18955220E+01,  0.19513761E+01,  0.20033872E+01,  0.20522025E+01,  0.21015923E+01,  0.21526339E+01,  0.22053077E+01,  0.22596569E+01,  0.23158305E+01,  0.23739357E+01,  0.24341142E+01,  0.24965463E+01,  0.25614412E+01,  0.26290679E+01,  0.26997726E+01,  0.27740312E+01,  0.28525131E+01,  0.29361169E+01,  0.30260592E+01,  0.31246140E+01,  0.32356610E+01,  0.33662159E+01,  0.35305715E+01,  0.37062562E+01,  0.37678897E+01,  0.38295233E+01,  0.38911567E+01,  0.39527903E+01,  0.40144238E+01,  0.40760574E+01
  0.98174770E+00,  0.88825232E+00,  0.93944949E+00,  0.99141455E+00,  0.10442923E+01,  0.10970821E+01,  0.11496431E+01,  0.12018427E+01,  0.12538630E+01,  0.13059434E+01,  0.13584360E+01,  0.14115468E+01,  0.14653668E+01,  0.15199114E+01,  0.15752273E+01,  0.16313748E+01,  0.16883397E+01,  0.17461249E+01,  0.18048364E+01,  0.18643980E+01,  0.19242280E+01,  0.19845538E+01,  0.20449553E+01,  0.21014693E+01,  0.21545224E+01,  0.22081089E+01,  0.22634261E+01,  0.23205245E+01,  0.23794682E+01,  0.24403925E+01,  0.25034242E+01,  0.25687149E+01,  0.26364565E+01,  0.27068775E+01,  0.27802665E+01,  0.28569946E+01,  0.29375710E+01,  0.30227118E+01,  0.31133788E+01,  0.32108657E+01,  0.33176267E+01,  0.34377594E+01,  0.35790963E+01,  0.37559962E+01,  0.39433620E+01,  0.40089388E+01,  0.40745149E+01,  0.41400914E+01,  0.42056680E+01,  0.42712445E+01,  0.43368211E+01
  0.10799225E+01,  0.88825232E+00,  0.94362020E+00,  0.99978012E+00,  0.10568578E+01,  0.11137394E+01,  0.11703129E+01,  0.12264379E+01,  0.12822888E+01,  0.13382081E+01,  0.13945590E+01,  0.14515477E+01,  0.15092826E+01,  0.15677897E+01,  0.16271194E+01,  0.16873199E+01,  0.17484044E+01,  0.18103361E+01,  0.18731399E+01,  0.19369031E+01,  0.20012803E+01,  0.20663657E+01,  0.21307471E+01,  0.21906528E+01,  0.22473552E+01,  0.23048151E+01,  0.23640623E+01,  0.24252038E+01,  0.24883404E+01,  0.25536320E+01,  0.26212263E+01,  0.26912808E+01,  0.27640011E+01,  0.28396368E+01,  0.29184978E+01,  0.30009837E+01,  0.30876422E+01,  0.31792510E+01,  0.32768369E+01,  0.33818009E+01,  0.34967551E+01,  0.36259325E+01,  0.37772205E+01,  0.39655995E+01,  0.41658964E+01,  0.42351737E+01,  0.43044505E+01,  0.43737278E+01,  0.44430051E+01,  0.45122819E+01,  0.45815592E+01
  0.11780972E+01,  0.88825232E+00,  0.94737786E+00,  0.10073336E+01,  0.10681598E+01,  0.11286846E+01,  0.11888248E+01,  0.12483995E+01,  0.13076168E+01,  0.13669233E+01,  0.14266526E+01,  0.14870497E+01,  0.15482551E+01,  0.16102784E+01,  0.16731253E+01,  0.17368742E+01,  0.18015318E+01,  0.18671571E+01,  0.19339191E+01,  0.20015187E+01,  0.20692294E+01,  0.21377711E+01,  0.22068050E+01,  0.22706966E+01,  0.23300393E+01,  0.23901722E+01,  0.24528892E+01,  0.25178015E+01,  0.25847442E+01,  0.26539958E+01,  0.27258027E+01,  0.28003063E+01,  0.28777163E+01,  0.29583108E+01,  0.30424273E+01,  0.31304963E+01,  0.32231104E+01,  0.33211122E+01,  0.34255793E+01,  0.35380077E+01,  0.36610892E+01,  0.37992625E+01,  0.39610064E+01,  0.41627603E+01,  0.43771610E+01,  0.44499512E+01,  0.45227418E+01,  0.45955319E+01,  0.46683221E+01,  0.47411127E+01,  0.48139029E+01
  0.12762720E+01,  0.88825232E+00,  0.95059383E+00,  0.10138277E+01,  0.10778556E+01,  0.11414782E+01,  0.12046385E+01,  0.12670908E+01,  0.13291541E+01,  0.13912970E+01,  0.14538591E+01,  0.15171525E+01,  0.15813065E+01,  0.16462717E+01,  0.17120928E+01,  0.17788817E+01,  0.18466986E+01,  0.19155948E+01,  0.19853559E+01,  0.20560007E+01,  0.21276672E+01,  0.21999645E+01,  0.22704372E+01,  0.23368473E+01,  0.24001212E+01,  0.24634078E+01,  0.25285096E+01,  0.25964139E+01,  0.26668556E+01,  0.27397406E+01,  0.28153954E+01,  0.28940494E+01,  0.29758947E+01,  0.30612311E+01,  0.31504352E+01,  0.32439697E+01,  0.33424764E+01,  0.34468641E+01,  0.35582860E+01,  0.36783319E+01,  0.38100009E+01,  0.39579892E+01,  0.41308393E+01,  0.43464937E+01,  0.45752764E+01,  0.46513615E+01,  0.47274461E+01,  0.48035312E+01,  0.48796163E+01,  0.49557009E+01,  0.50317860E+01
  0.13744468E+01,  0.88825232E+00,  0.95310587E+00,  0.10189471E+01,  0.10855117E+01,  0.11515882E+01,  0.12171115E+01,  0.12817895E+01,  0.13460861E+01,  0.14104255E+01,  0.14752195E+01,  0.15408251E+01,  0.16073041E+01,  0.16746064E+01,  0.17428495E+01,  0.18121219E+01,  0.18824288E+01,  0.19536841E+01,  0.20261505E+01,  0.21000094E+01,  0.21737783E+01,  0.22476120E+01,  0.23229618E+01,  0.23926630E+01,  0.24559226E+01,  0.25201700E+01,  0.25884242E+01,  0.26594059E+01,  0.27326396E+01,  0.28087552E+01,  0.28879898E+01,  0.29704535E+01,  0.30564494E+01,  0.31463106E+01,  0.32404335E+01,  0.33393376E+01,  0.34437213E+01,  0.35545878E+01,  0.36732144E+01,  0.38013122E+01,  0.39421458E+01,  0.41006393E+01,  0.42854667E+01,  0.45160275E+01,  0.47592754E+01,  0.48384204E+01,  0.49175653E+01,  0.49967098E+01,  0.50758548E+01,  0.51549997E+01,  0.52341442E+01
  0.14726216E+01,  0.88825232E+00,  0.95473099E+00,  0.10223317E+01,  0.10906225E+01,  0.11583848E+01,  0.12255150E+01,  0.12916998E+01,  0.13575222E+01,  0.14233570E+01,  0.14897097E+01,  0.15569385E+01,  0.16250523E+01,  0.16940506E+01,  0.17640498E+01,  0.18350875E+01,  0.19071288E+01,  0.19803199E+01,  0.20551729E+01,  0.21307218E+01,  0.22059674E+01,  0.22839074E+01,  0.23609183E+01,  0.24288063E+01,  0.24934516E+01,  0.25610387E+01,  0.26313744E+01,  0.27041774E+01,  0.27799513E+01,  0.28588765E+01,  0.29411323E+01,  0.30270054E+01,  0.31167991E+01,  0.32108691E+01,  0.33096700E+01,  0.34137871E+01,  0.35240049E+01,  0.36414199E+01,  0.37674894E+01,  0.39040411E+01,  0.40545549E+01,  0.42244415E+01,  0.44224949E+01,  0.46674395E+01,  0.49244809E+01,  0.50063729E+01,  0.50882649E+01,  0.51701570E+01,  0.52520494E+01,  0.53339415E+01,  0.54158335E+01
  0.15707963E+01,  0.88825232E+00,  0.95530796E+00,  0.10236522E+01,  0.10927224E+01,  0.11612785E+01,  0.12291725E+01,  0.12960787E+01,  0.13626400E+01,  0.14292079E+01,  0.14963548E+01,  0.15644252E+01,  0.16334180E+01,  0.17033597E+01,  0.17743334E+01,  0.18463701E+01,  0.19194747E+01,  0.19939553E+01,  0.20700948E+01,  0.21465709E+01,  0.22235031E+01,  0.23032320E+01,  0.23790879E+01,  0.24475856E+01,  0.25145588E+01,  0.25833776E+01,  0.26544576E+01,  0.27287958E+01,  0.28064113E+01,  0.28873892E+01,  0.29720719E+01,  0.30607481E+01,  0.31537569E+01,  0.32515049E+01,  0.33545117E+01,  0.34634376E+01,  0.35791719E+01,  0.37029655E+01,  0.38364067E+01,  0.39815588E+01,  0.41421738E+01,  0.43240318E+01,  0.45356040E+01,  0.47949986E+01,  0.50590382E+01,  0.51431680E+01,  0.52272978E+01,  0.53114276E+01,  0.53955574E+01,  0.54796867E+01,  0.55638165E+01
  0.16689711E+01,  0.88825232E+00,  0.95476180E+00,  0.10227356E+01,  0.10915542E+01,  0.11599257E+01,  0.12276642E+01,  0.12944286E+01,  0.13608719E+01,  0.14273515E+01,  0.14944468E+01,  0.15625046E+01,  0.16315362E+01,  0.17015594E+01,  0.17726537E+01,  0.18448718E+01,  0.19182260E+01,  0.19929930E+01,  0.20694339E+01,  0.21463296E+01,  0.22236741E+01,  0.23036244E+01,  0.23797836E+01,  0.24486034E+01,  0.25156150E+01,  0.25845089E+01,  0.26560819E+01,  0.27310379E+01,  0.28094947E+01,  0.28917012E+01,  0.29778926E+01,  0.30684259E+01,  0.31637020E+01,  0.32641666E+01,  0.33704157E+01,  0.34831922E+01,  0.36035159E+01,  0.37327757E+01,  0.38727896E+01,  0.40258355E+01,  0.41959090E+01,  0.43889747E+01,  0.46128726E+01,  0.48795347E+01,  0.51308899E+01,  0.52162142E+01,  0.53015389E+01,  0.53868637E+01,  0.54721880E+01,  0.55575128E+01,  0.56428370E+01
  0.17671459E+01,  0.88825232E+00,  0.95314413E+00,  0.10196562E+01,  0.10871656E+01,  0.11543143E+01,  0.12209344E+01,  0.12866720E+01,  0.13521159E+01,  0.14176437E+01,  0.14837929E+01,  0.15509298E+01,  0.16190910E+01,  0.16882674E+01,  0.17585565E+01,  0.18300445E+01,  0.19027096E+01,  0.19766860E+01,  0.20524259E+01,  0.21289990E+01,  0.22054176E+01,  0.22845566E+01,  0.23620765E+01,  0.24303391E+01,  0.24952743E+01,  0.25631499E+01,  0.26346779E+01,  0.27092566E+01,  0.27874024E+01,  0.28696392E+01,  0.29560771E+01,  0.30471048E+01,  0.31431684E+01,  0.32447643E+01,  0.33525405E+01,  0.34673216E+01,  0.35902238E+01,  0.37227693E+01,  0.38669121E+01,  0.40250592E+01,  0.42012701E+01,  0.44011006E+01,  0.46293597E+01,  0.48809409E+01,  0.50863423E+01,  0.51709261E+01,  0.52555099E+01,  0.53400936E+01,  0.54246774E+01,  0.55092611E+01,  0.55938449E+01
  0.18653206E+01,  0.88825232E+00,  0.95060778E+00,  0.10146859E+01,  0.10798798E+01,  0.11448318E+01,  0.12094173E+01,  0.12732464E+01,  0.13368015E+01,  0.14005103E+01,  0.14648288E+01,  0.15301286E+01,  0.15964888E+01,  0.16638832E+01,  0.17323990E+01,  0.18021711E+01,  0.18731788E+01,  0.19453830E+01,  0.20192347E+01,  0.20944917E+01,  0.21693869E+01,  0.22454519E+01,  0.23223372E+01,  0.23914084E+01,  0.24547586E+01,  0.25198705E+01,  0.25895464E+01,  0.26627381E+01,  0.27394965E+01,  0.28202972E+01,  0.29053898E+01,  0.29951608E+01,  0.30900455E+01,  0.31905661E+01,  0.32973804E+01,  0.34113324E+01,  0.35335417E+01,  0.36655211E+01,  0.38091483E+01,  0.39665866E+01,  0.41412826E+01,  0.43368726E+01,  0.45509419E+01,  0.47548842E+01,  0.48915310E+01,  0.49728751E+01,  0.50542192E+01,  0.51355634E+01,  0.52169075E+01,  0.52982516E+01,  0.53795958E+01
  0.19634954E+01,  0.88825232E+00,  0.94734097E+00,  0.10081831E+01,  0.10702118E+01,  0.11321410E+01,  0.11938435E+01,  0.12549324E+01,  0.13157920E+01,  0.13768492E+01,  0.14385108E+01,  0.15011199E+01,  0.15647891E+01,  0.16295142E+01,  0.16953349E+01,  0.17624005E+01,  0.18307443E+01,  0.19003056E+01,  0.19712822E+01,  0.20437331E+01,  0.21165688E+01,  0.21902699E+01,  0.22631204E+01,  0.23295066E+01,  0.23917840E+01,  0.24553468E+01,  0.25222893E+01,  0.25926273E+01,  0.26666408E+01,  0.27445683E+01,  0.28266613E+01,  0.29132824E+01,  0.30048459E+01,  0.31018424E+01,  0.32048857E+01,  0.33147447E+01,  0.34324205E+01,  0.35592141E+01,  0.36966476E+01,  0.38462777E+01,  0.40102253E+01,  0.41892519E+01,  0.43734040E+01,  0.45230436E+01,  0.46074862E+01,  0.46841068E+01,  0.47607274E+01,  0.48373480E+01,  0.49139686E+01,  0.49905891E+01,  0.50672097E+01
  0.20616702E+01,  0.88825232E+00,  0.94351637E+00,  0.10005060E+01,  0.10587006E+01,  0.11169324E+01,  0.11750302E+01,  0.12326592E+01,  0.12901284E+01,  0.13477930E+01,  0.14060705E+01,  0.14652438E+01,  0.15254356E+01,  0.15866753E+01,  0.16489908E+01,  0.17124870E+01,  0.17772222E+01,  0.18431708E+01,  0.19104705E+01,  0.19790826E+01,  0.20481539E+01,  0.21181753E+01,  0.21881051E+01,  0.22516017E+01,  0.23106830E+01,  0.23710380E+01,  0.24346097E+01,  0.25013294E+01,  0.25714643E+01,  0.26452138E+01,  0.27228329E+01,  0.28046434E+01,  0.28910117E+01,  0.29823682E+01,  0.30792408E+01,  0.31822743E+01,  0.32922821E+01,  0.34102778E+01,  0.35373518E+01,  0.36744270E+01,  0.38224614E+01,  0.39801760E+01,  0.41336961E+01,  0.42404709E+01,  0.42860260E+01,  0.43573008E+01,  0.44285755E+01,  0.44998503E+01,  0.45711255E+01,  0.46424003E+01,  0.47136750E+01
  0.21598449E+01,  0.88825232E+00,  0.93927097E+00,  0.99195284E+00,  0.10458065E+01,  0.10998025E+01,  0.11537366E+01,  0.12073127E+01,  0.12608128E+01,  0.13144902E+01,  0.13687634E+01,  0.14238806E+01,  0.14799502E+01,  0.15370191E+01,  0.15951296E+01,  0.16543564E+01,  0.17147374E+01,  0.17762793E+01,  0.18390787E+01,  0.19031157E+01,  0.19678153E+01,  0.20334079E+01,  0.20986519E+01,  0.21581318E+01,  0.22137296E+01,  0.22705171E+01,  0.23299737E+01,  0.23922386E+01,  0.24575713E+01,  0.25261433E+01,  0.25981829E+01,  0.26739705E+01,  0.27538190E+01,  0.28380916E+01,  0.29272265E+01,  0.30217469E+01,  0.31222928E+01,  0.32296326E+01,  0.33445232E+01,  0.34674556E+01,  0.35986614E+01,  0.37357204E+01,  0.38627405E+01,  0.39350314E+01,  0.39473178E+01,  0.40129600E+01,  0.40786023E+01,  0.41442447E+01,  0.42098866E+01,  0.42755289E+01,  0.43411713E+01
  0.22580197E+01,  0.88825232E+00,  0.93470883E+00,  0.98274708E+00,  0.10318830E+01,  0.10812309E+01,  0.11305782E+01,  0.11796422E+01,  0.12286968E+01,  0.12779281E+01,  0.13277059E+01,  0.13782730E+01,  0.14297129E+01,  0.14820832E+01,  0.15354279E+01,  0.15898069E+01,  0.16452471E+01,  0.17017604E+01,  0.17594359E+01,  0.18182046E+01,  0.18776841E+01,  0.19380425E+01,  0.19980942E+01,  0.20530641E+01,  0.21045568E+01,  0.21570246E+01,  0.22117529E+01,  0.22689452E+01,  0.23288178E+01,  0.23915198E+01,  0.24572537E+01,  0.25262601E+01,  0.25988038E+01,  0.26751888E+01,  0.27557783E+01,  0.28409963E+01,  0.29313512E+01,  0.30274310E+01,  0.31297588E+01,  0.32385485E+01,  0.33535457E+01,  0.34715538E+01,  0.35752194E+01,  0.36174388E+01,  0.35994134E+01,  0.36592703E+01,  0.37191269E+01,  0.37789836E+01,  0.38388405E+01,  0.38986971E+01,  0.39585540E+01
  0.23561945E+01,  0.88825232E+00,  0.92990786E+00,  0.97305214E+00,  0.10171933E+01,  0.10615841E+01,  0.11060270E+01,  0.11502328E+01,  0.11944745E+01,  0.12388955E+01,  0.12838113E+01,  0.13294420E+01,  0.13758638E+01,  0.14231300E+01,  0.14712886E+01,  0.15203847E+01,  0.15704387E+01,  0.16214696E+01,  0.16735499E+01,  0.17265927E+01,  0.17803431E+01,  0.18349823E+01,  0.18892970E+01,  0.19391806E+01,  0.19859601E+01,  0.20335817E+01,  0.20831113E+01,  0.21347687E+01,  0.21887283E+01,  0.22451150E+01,  0.23041072E+01,  0.23659105E+01,  0.24307480E+01,  0.24988759E+01,  0.25705962E+01,  0.26462557E+01,  0.27262597E+01,  0.28110602E+01,  0.29010060E+01,  0.29960923E+01,  0.30956762E+01,  0.31959031E+01,  0.32781134E+01,  0.32927067E+01,  0.32461827E+01,  0.33001652E+01,  0.33541479E+01,  0.34081306E+01,  0.34621134E+01,  0.35160959E+01,  0.35700786E+01
  0.24543693E+01,  0.88825232E+00,  0.92492586E+00,  0.96298832E+00,  0.10019351E+01,  0.10411377E+01,  0.10804348E+01,  0.11195295E+01,  0.11586850E+01,  0.11980126E+01,  0.12377869E+01,  0.12781962E+01,  0.13193046E+01,  0.13611676E+01,  0.14038275E+01,  0.14473203E+01,  0.14916613E+01,  0.15368742E+01,  0.15830156E+01,  0.16299948E+01,  0.16776494E+01,  0.17261670E+01,  0.17743717E+01,  0.18187227E+01,  0.18603814E+01,  0.19027500E+01,  0.19467202E+01,  0.19925044E+01,  0.20402443E+01,  0.20900376E+01,  0.21420403E+01,  0.21964266E+01,  0.22533841E+01,  0.23131278E+01,  0.23759077E+01,  0.24420071E+01,  0.25117455E+01,  0.25854595E+01,  0.26633482E+01,  0.27452178E+01,  0.28300657E+01,  0.29134283E+01,  0.29754450E+01,  0.29641559E+01,  0.28908706E+01,  0.29389446E+01,  0.29870186E+01,  0.30350926E+01,  0.30831666E+01,  0.31312404E+01,  0.31793144E+01
  0.25525440E+01,  0.88825232E+00,  0.91980654E+00,  0.95264518E+00,  0.98625487E+00,  0.10200982E+01,  0.10540658E+01,  0.10878642E+01,  0.11217340E+01,  0.11557596E+01,  0.11901788E+01,  0.12251543E+01,  0.12607340E+01,  0.12969724E+01,  0.13339077E+01,  0.13715656E+01,  0.14099605E+01,  0.14491208E+01,  0.14890817E+01,  0.15297576E+01,  0.15710620E+01,  0.16131808E+01,  0.16549946E+01,  0.16934817E+01,  0.17297500E+01,  0.17665563E+01,  0.18047018E+01,  0.18443739E+01,  0.18856891E+01,  0.19287182E+01,  0.19735957E+01,  0.20204685E+01,  0.20694911E+01,  0.21208422E+01,  0.21747260E+01,  0.22313683E+01,  0.22910128E+01,  0.23538904E+01,  0.24200625E+01,  0.24891548E+01,  0.25598221E+01,  0.26270192E+01,  0.26697607E+01,  0.26338995E+01,  0.25352273E+01,  0.25773871E+01,  0.26195469E+01,  0.26617067E+01,  0.27038665E+01,  0.27460263E+01,  0.27881861E+01
  0.26507188E+01,  0.88825232E+00,  0.91458338E+00,  0.94209117E+00,  0.97025657E+00,  0.99862200E+00,  0.10271231E+01,  0.10554856E+01,  0.10839257E+01,  0.11124972E+01,  0.11414064E+01,  0.11707898E+01,  0.12006835E+01,  0.12311381E+01,  0.12621858E+01,  0.12938454E+01,  0.13261294E+01,  0.13590733E+01,  0.13926954E+01,  0.14269006E+01,  0.14616885E+01,  0.14972188E+01,  0.15324085E+01,  0.15648814E+01,  0.15955007E+01,  0.16265559E+01,  0.16586846E+01,  0.16920828E+01,  0.17268398E+01,  0.17630023E+01,  0.18006855E+01,  0.18400104E+01,  0.18811017E+01,  0.19241042E+01,  0.19691794E+01,  0.20165000E+01,  0.20662379E+01,  0.21185250E+01,  0.21732895E+01,  0.22299833E+01,  0.22869282E+01,  0.23385181E+01,  0.23626933E+01,  0.23031814E+01,  0.21798816E+01,  0.22161319E+01,  0.22523825E+01,  0.22886331E+01,  0.23248837E+01,  0.23611341E+01,  0.23973846E+01
  0.27488936E+01,  0.88825232E+00,  0.90928268E+00,  0.93137974E+00,  0.95401978E+00,  0.97682709E+00,  0.99976385E+00,  0.10225866E+01,  0.10454909E+01,  0.10684999E+01,  0.10917883E+01,  0.11154673E+01,  0.11395614E+01,  0.11641184E+01,  0.11891661E+01,  0.12147132E+01,  0.12407733E+01,  0.12673887E+01,  0.12945576E+01,  0.13221900E+01,  0.13503510E+01,  0.13791699E+01,  0.14076468E+01,  0.14339018E+01,  0.14587537E+01,  0.14839115E+01,  0.15098974E+01,  0.15369157E+01,  0.15650324E+01,  0.15942711E+01,  0.16247298E+01,  0.16565051E+01,  0.16896944E+01,  0.17244099E+01,  0.17607732E+01,  0.17989056E+01,  0.18389100E+01,  0.18808217E+01,  0.19244403E+01,  0.19690430E+01,  0.20126257E+01,  0.20490298E+01,  0.20551360E+01,  0.19725206E+01,  0.18248836E+01,  0.18552307E+01,  0.18855778E+01,  0.19159248E+01,  0.19462719E+01,  0.19766189E+01,  0.20069659E+01
  0.28470683E+01,  0.88825232E+00,  0.90392560E+00,  0.92055416E+00,  0.93760949E+00,  0.95479965E+00,  0.97210944E+00,  0.98931992E+00,  0.10066119E+01,  0.10239816E+01,  0.10415714E+01,  0.10594685E+01,  0.10776850E+01,  0.10962670E+01,  0.11152371E+01,  0.11345946E+01,  0.11543561E+01,  0.11745689E+01,  0.11952177E+01,  0.12162066E+01,  0.12376753E+01,  0.12597001E+01,  0.12813699E+01,  0.13013630E+01,  0.13203195E+01,  0.13394986E+01,  0.13592620E+01,  0.13798366E+01,  0.14012663E+01,  0.14235539E+01,  0.14467813E+01,  0.14710222E+01,  0.14963477E+01,  0.15228392E+01,  0.15505788E+01,  0.15796388E+01,  0.16100538E+01,  0.16417640E+01,  0.16744404E+01,  0.17071873E+01,  0.17376727E+01,  0.17591835E+01,  0.17475293E+01,  0.16420585E+01,  0.14700280E+01,  0.14944741E+01,  0.15189199E+01,  0.15433660E+01,  0.15678118E+01,  0.15922579E+01,  0.16167037E+01
  0.29452431E+01,  0.88825232E+00,  0.89852989E+00,  0.90965033E+00,  0.92107999E+00,  0.93261153E+00,  0.94425178E+00,  0.95580488E+00,  0.96743548E+00,  0.97911423E+00,  0.99095327E+00,  0.10030168E+01,  0.10153050E+01,  0.10278622E+01,  0.10407050E+01,  0.10538248E+01,  0.10672414E+01,  0.10810080E+01,  0.10950947E+01,  0.11094006E+01,  0.11241376E+01,  0.11393369E+01,  0.11541450E+01,  0.11678103E+01,  0.11808428E+01,  0.11939771E+01,  0.12074767E+01,  0.12215735E+01,  0.12362952E+01,  0.12516243E+01,  0.12676274E+01,  0.12843565E+01,  0.13018569E+01,  0.13201803E+01,  0.13393701E+01,  0.13594493E+01,  0.13803853E+01,  0.14020231E+01,  0.14239042E+01,  0.14449586E+01,  0.14625231E+01,  0.14693222E+01,  0.14400742E+01,  0.13118612E+01,  0.11154948E+01,  0.11340451E+01,  0.11525953E+01,  0.11711456E+01,  0.11896957E+01,  0.12082460E+01,  0.12267962E+01
  0.30434179E+01,  0.88825232E+00,  0.89311087E+00,  0.89869899E+00,  0.90447825E+00,  0.91032577E+00,  0.91626996E+00,  0.92213815E+00,  0.92807901E+00,  0.93403786E+00,  0.94009656E+00,  0.94629675E+00,  0.95262778E+00,  0.95913172E+00,  0.96581984E+00,  0.97267628E+00,  0.97972381E+00,  0.98702192E+00,  0.99452555E+00,  0.10021321E+01,  0.10101209E+01,  0.10184778E+01,  0.10264126E+01,  0.10337210E+01,  0.10407987E+01,  0.10478675E+01,  0.10550830E+01,  0.10626910E+01,  0.10707012E+01,  0.10790772E+01,  0.10878708E+01,  0.10971133E+01,  0.11068240E+01,  0.11170255E+01,  0.11277226E+01,  0.11388888E+01,  0.11504241E+01,  0.11620775E+01,  0.11732603E+01,  0.11827251E+01,  0.11874751E+01,  0.11796675E+01,  0.11329235E+01,  0.98205346E+00,  0.76127511E+00,  0.77393484E+00,  0.78659451E+00,  0.79925424E+00,  0.81191391E+00,  0.82457358E+00,  0.83723330E+00
  0.31415927E+01,  0.88825232E+00,  0.88768214E+00,  0.88772762E+00,  0.88784593E+00,  0.88799870E+00,  0.88823551E+00,  0.88840735E+00,  0.88864654E+00,  0.88887382E+00,  0.88914067E+00,  0.88946646E+00,  0.88982987E+00,  0.89027107E+00,  0.89079607E+00,  0.89138186E+00,  0.89205426E+00,  0.89287949E+00,  0.89379698E+00,  0.89470369E+00,  0.89594507E+00,  0.89746004E+00,  0.89852554E+00,  0.89947581E+00,  0.90059048E+00,  0.90159178E+00,  0.90252340E+00,  0.90364689E+00,  0.90495491E+00,  0.90639222E+00,  0.90799600E+00,  0.90977657E+00,  0.91172844E+00,  0.91384399E+00,  0.91608965E+00,  0.91838938E+00,  0.92057461E+00,  0.92229789E+00,  0.92283875E+00,  0.92077076E+00,  0.91276109E+00,  0.89039636E+00,  0.82619542E+00,  0.65266526E+00,  0.40758425E+00,  0.41436222E+00,  0.42114016E+00,  0.42791814E+00,  0.43469608E+00,  0.44147405E+00,  0.44825199E+00
  0.32397674E+01,  0.88825232E+00,  0.88225657E+00,  0.87676132E+00,  0.87122095E+00,  0.86568153E+00,  0.86021394E+00,  0.85469294E+00,  0.84923434E+00,  0.84373450E+00,  0.83821452E+00,  0.83267158E+00,  0.82707369E+00,  0.82145923E+00,  0.81582898E+00,  0.81015301E+00,  0.80446035E+00,  0.79882360E+00,  0.79316723E+00,  0.78738791E+00,  0.78189641E+00,  0.77658665E+00,  0.77079999E+00,  0.76540625E+00,  0.76057351E+00,  0.75551951E+00,  0.75018370E+00,  0.74484038E+00,  0.73946518E+00,  0.73398471E+00,  0.72842133E+00,  0.72276437E+00,  0.71698302E+00,  0.71103960E+00,  0.70486170E+00,  0.69832313E+00,  0.69118655E+00,  0.68300676E+00,  0.67293060E+00,  0.65935099E+00,  0.63859725E+00,  0.60168403E+00,  0.52004451E+00,  0.32401019E+00,  0.54718953E-01,  0.55628907E-01,  0.56538858E-01,  0.57448812E-01,  0.58358766E-01,  0.59268720E-01,  0.60178675E-01
  0.33379422E+01,  0.88825232E+00,  0.87684679E+00,  0.86582446E+00,  0.85463983E+00,  0.84342402E+00,  0.83226907E+00,  0.82107401E+00,  0.80993736E+00,  0.79873103E+00,  0.78744549E+00,  0.77605569E+00,  0.76451916E+00,  0.75287217E+00,  0.74111050E+00,  0.72919720E+00,  0.71716464E+00,  0.70509142E+00,  0.69288808E+00,  0.68044925E+00,  0.66825283E+00,  0.65614837E+00,  0.64353693E+00,  0.63183677E+00,  0.62108785E+00,  0.61000484E+00,  0.59843349E+00,  0.58665222E+00,  0.57462221E+00,  0.56225085E+00,  0.54954571E+00,  0.53647494E+00,  0.52298212E+00,  0.50899935E+00,  0.49441481E+00,  0.47905213E+00,  0.46260449E+00,  0.44452900E+00,  0.42384002E+00,  0.39874977E+00,  0.36525345E+00,  0.31380349E+00,  0.21477385E+00, -0.36861626E-02, -0.29683480E+00, -0.30177104E+00, -0.30670729E+00, -0.31164354E+00, -0.31657976E+00, -0.32151601E+00, -0.32645226E+00
  0.34361170E+01,  0.88825232E+00,  0.87146580E+00,  0.85494292E+00,  0.83814275E+00,  0.82128114E+00,  0.80447119E+00,  0.78763676E+00,  0.77085799E+00,  0.75398207E+00,  0.73696893E+00,  0.71977109E+00,  0.70233518E+00,  0.68469578E+00,  0.66684347E+00,  0.64873368E+00,  0.63040227E+00,  0.61193264E+00,  0.59322399E+00,  0.57416630E+00,  0.55530757E+00,  0.53644323E+00,  0.51706600E+00,  0.49912187E+00,  0.48247647E+00,  0.46542469E+00,  0.44766000E+00,  0.42948353E+00,  0.41083622E+00,  0.39160758E+00,  0.37178972E+00,  0.35132909E+00,  0.33014369E+00,  0.30813500E+00,  0.28515193E+00,  0.26096734E+00,  0.23520549E+00,  0.20722589E+00,  0.17591070E+00,  0.13929428E+00,  0.93039058E-01,  0.27042612E-01, -0.89335814E-01, -0.32994959E+00, -0.64672160E+00, -0.65747631E+00, -0.66823101E+00, -0.67898571E+00, -0.68974048E+00, -0.70049518E+00, -0.71124989E+00
  0.35342917E+01,  0.88825232E+00,  0.86612803E+00,  0.84414661E+00,  0.82177579E+00,  0.79931545E+00,  0.77689946E+00,  0.75447696E+00,  0.73210907E+00,  0.70961934E+00,  0.68693697E+00,  0.66399002E+00,  0.64071411E+00,  0.61714125E+00,  0.59325773E+00,  0.56901097E+00,  0.54443967E+00,  0.51963210E+00,  0.49447280E+00,  0.46885648E+00,  0.44339004E+00,  0.41782883E+00,  0.39177376E+00,  0.36760980E+00,  0.34516352E+00,  0.32220262E+00,  0.29830807E+00,  0.27379319E+00,  0.24857792E+00,  0.22253361E+00,  0.19563648E+00,  0.16781104E+00,  0.13894928E+00,  0.10892225E+00,  0.77539362E-01,  0.44523504E-01,  0.94300471E-02, -0.28477956E-01, -0.70448041E-01, -0.11862148E+00, -0.17765951E+00, -0.25820220E+00, -0.39186618E+00, -0.65445906E+00, -0.99485421E+00, -0.10113982E+01, -0.10279422E+01, -0.10444863E+01, -0.10610303E+01, -0.10775743E+01, -0.10941182E+01
  0.36324665E+01,  0.88825232E+00,  0.86085075E+00,  0.83347052E+00,  0.80559307E+00,  0.77759933E+00,  0.74964398E+00,  0.72170442E+00,  0.69382524E+00,  0.66580313E+00,  0.63753390E+00,  0.60891968E+00,  0.57988590E+00,  0.55046088E+00,  0.52062780E+00,  0.49032742E+00,  0.45959726E+00,  0.42853352E+00,  0.39700070E+00,  0.36490172E+00,  0.33290219E+00,  0.30074334E+00,  0.26804441E+00,  0.23780480E+00,  0.20964238E+00,  0.18085732E+00,  0.15092179E+00,  0.12014317E+00,  0.88423304E-01,  0.55614766E-01,  0.21677108E-01, -0.13487527E-01, -0.50012998E-01, -0.88059060E-01, -0.12785508E+00, -0.16972801E+00, -0.21419005E+00, -0.26207295E+00, -0.31475177E+00, -0.37453881E+00, -0.44641295E+00, -0.54153901E+00, -0.69248164E+00, -0.97708803E+00, -0.13415892E+01, -0.13638992E+01, -0.13862094E+01, -0.14085194E+01, -0.14308294E+01, -0.14531395E+01, -0.14754496E+01
  0.37306413E+01,  0.88825232E+00,  0.85565472E+00,  0.82295734E+00,  0.78965968E+00,  0.75621849E+00,  0.72281331E+00,  0.68946058E+00,  0.65617800E+00,  0.62273353E+00,  0.58898753E+00,  0.55481601E+00,  0.52013552E+00,  0.48497045E+00,  0.44929892E+00,  0.41305494E+00,  0.37627602E+00,  0.33906010E+00,  0.30126292E+00,  0.26278248E+00,  0.22435701E+00,  0.18568222E+00,  0.14652710E+00,  0.11028057E+00,  0.76544955E-01,  0.42057682E-01,  0.61953911E-02, -0.30748937E-01, -0.68891838E-01, -0.10840138E+00, -0.14933509E+00, -0.19181377E+00, -0.23599739E+00, -0.28207636E+00, -0.33031881E+00, -0.38110077E+00, -0.43500128E+00, -0.49294555E+00, -0.55643409E+00, -0.62794703E+00, -0.71277881E+00, -0.82261878E+00, -0.99099576E+00, -0.12980087E+01, -0.16877768E+01, -0.17158438E+01, -0.17439109E+01, -0.17719779E+01, -0.18000449E+01, -0.18281120E+01, -0.18561790E+01
  0.38288160E+01,  0.88825232E+00,  0.85056573E+00,  0.81265998E+00,  0.77405596E+00,  0.73527741E+00,  0.69655406E+00,  0.65792811E+00,  0.61938494E+00,  0.58066446E+00,  0.54158694E+00,  0.50200742E+00,  0.46182859E+00,  0.42107096E+00,  0.37971050E+00,  0.33767110E+00,  0.29498908E+00,  0.25176689E+00,  0.20784178E+00,  0.16312625E+00,  0.11840868E+00,  0.73382162E-01,  0.27882641E-01, -0.14135288E-01, -0.53314883E-01, -0.93319803E-01, -0.13495992E+00, -0.17793944E+00, -0.22240214E+00, -0.26853463E+00, -0.31641352E+00, -0.36618340E+00, -0.41803110E+00, -0.47217777E+00, -0.52893078E+00, -0.58871561E+00, -0.65217817E+00, -0.72033727E+00, -0.79481858E+00, -0.87827182E+00, -0.97630984E+00, -0.11011633E+01, -0.12873757E+01, -0.16176746E+01, -0.20344245E+01, -0.20682561E+01, -0.21020880E+01, -0.21359196E+01, -0.21697512E+01, -0.22035828E+01, -0.22374144E+01
  0.39269908E+01,  0.88825232E+00,  0.84561682E+00,  0.80264628E+00,  0.75888354E+00,  0.71491969E+00,  0.67105865E+00,  0.62734282E+00,  0.58372766E+00,  0.53992200E+00,  0.49571046E+00,  0.45092121E+00,  0.40543932E+00,  0.35928592E+00,  0.31243393E+00,  0.26479834E+00,  0.21641280E+00,  0.16737860E+00,  0.11752270E+00,  0.66755734E-01,  0.15932066E-01, -0.35238203E-01, -0.86877175E-01, -0.13444762E+00, -0.17880951E+00, -0.22411227E+00, -0.27132618E+00, -0.32017156E+00, -0.37082034E+00, -0.42347759E+00, -0.47824109E+00, -0.53528059E+00, -0.59481138E+00, -0.65708733E+00, -0.72245675E+00, -0.79139692E+00, -0.86462337E+00, -0.94325161E+00, -0.10290370E+01, -0.11248025E+01, -0.12364938E+01, -0.13769151E+01, -0.15817471E+01, -0.19368291E+01, -0.23826110E+01, -0.24222329E+01, -0.24618547E+01, -0.25014765E+01, -0.25410984E+01, -0.25807202E+01, -0.26203420E+01
  0.40251656E+01,  0.88825232E+00,  0.84085113E+00,  0.79300487E+00,  0.74427420E+00,  0.69534224E+00,  0.64657950E+00,  0.59801459E+00,  0.54957455E+00,  0.50094062E+00,  0.45185965E+00,  0.40211400E+00,  0.35158870E+00,  0.30030161E+00,  0.24822365E+00,  0.19526188E+00,  0.14143673E+00,  0.86850941E-01,  0.31321198E-01, -0.25243167E-01, -0.81904091E-01, -0.13893807E+00, -0.19641852E+00, -0.24923109E+00, -0.29845473E+00, -0.34874913E+00, -0.40127182E+00, -0.45576021E+00, -0.51241803E+00, -0.57146847E+00, -0.63303268E+00, -0.69730902E+00, -0.76454496E+00, -0.83503199E+00, -0.90916502E+00, -0.98747945E+00, -0.10707685E+01, -0.11602545E+01, -0.12578332E+01, -0.13665156E+01, -0.14926018E+01, -0.16495262E+01, -0.18742408E+01, -0.22561607E+01, -0.27331052E+01, -0.27785556E+01, -0.28240061E+01, -0.28694563E+01, -0.29149067E+01, -0.29603572E+01, -0.30058076E+01
  0.41233404E+01,  0.88825232E+00,  0.83632582E+00,  0.78385460E+00,  0.73040909E+00,  0.67680895E+00,  0.62345141E+00,  0.57035464E+00,  0.51741779E+00,  0.46430570E+00,  0.41068313E+00,  0.35632101E+00,  0.30109581E+00,  0.24502251E+00,  0.18807308E+00,  0.13014127E+00,  0.71237676E-01,  0.11463892E-01, -0.49369548E-01, -0.11136758E+00, -0.17345731E+00, -0.23596279E+00, -0.29887620E+00, -0.35655698E+00, -0.41024420E+00, -0.46513978E+00, -0.52262712E+00, -0.58246255E+00, -0.64488274E+00, -0.71012801E+00, -0.77834749E+00, -0.84977472E+00, -0.92469829E+00, -0.10034572E+01, -0.10865061E+01, -0.11744546E+01, -0.12681929E+01, -0.13690739E+01, -0.14791570E+01, -0.16016684E+01, -0.17433032E+01, -0.19181887E+01, -0.21647022E+01, -0.25763113E+01, -0.30858665E+01, -0.31371832E+01, -0.31884999E+01, -0.32398167E+01, -0.32911332E+01, -0.33424499E+01, -0.33937666E+01
  0.42215151E+01,  0.88825232E+00,  0.83211780E+00,  0.77535611E+00,  0.71754014E+00,  0.65967286E+00,  0.60211879E+00,  0.54490793E+00,  0.48791832E+00,  0.43075815E+00,  0.37302494E+00,  0.31449160E+00,  0.25501463E+00,  0.19461595E+00,  0.13326456E+00,  0.70847869E-01,  0.73505137E-02, -0.57122648E-01, -0.12279098E+00, -0.18979082E+00, -0.25680313E+00, -0.32425100E+00, -0.39191076E+00, -0.45384482E+00, -0.51152265E+00, -0.57056177E+00, -0.63259029E+00, -0.69736856E+00, -0.76517701E+00, -0.83627927E+00, -0.91085929E+00, -0.98919851E+00, -0.10716408E+01, -0.11585921E+01, -0.12505914E+01, -0.13483540E+01, -0.14529091E+01, -0.15657896E+01, -0.16892825E+01, -0.18268852E+01, -0.19857709E+01, -0.21808720E+01, -0.24521835E+01, -0.28973584E+01, -0.34397357E+01, -0.34969370E+01, -0.35541384E+01, -0.36113398E+01, -0.36685412E+01, -0.37257426E+01, -0.37829440E+01
  0.43196899E+01,  0.88825232E+00,  0.82832992E+00,  0.76772696E+00,  0.70601076E+00,  0.64439797E+00,  0.58316749E+00,  0.52238452E+00,  0.46190980E+00,  0.40123126E+00,  0.33995473E+00,  0.27781871E+00,  0.21466632E+00,  0.15053403E+00,  0.85411444E-01,  0.19133646E-01, -0.48331287E-01, -0.11687393E+00, -0.18672122E+00, -0.25790820E+00, -0.32911789E+00, -0.40125152E+00, -0.47337168E+00, -0.53851151E+00, -0.59917867E+00, -0.66163915E+00, -0.72770786E+00, -0.79687762E+00, -0.86947662E+00, -0.94583791E+00, -0.10261817E+01, -0.11108539E+01, -0.12002711E+01, -0.12949320E+01, -0.13954947E+01, -0.15028298E+01, -0.16181765E+01, -0.17433479E+01, -0.18809936E+01, -0.20350461E+01, -0.22133803E+01, -0.24320395E+01, -0.27330778E+01, -0.32174578E+01, -0.37925258E+01, -0.38555939E+01, -0.39186621E+01, -0.39817302E+01, -0.40447984E+01, -0.41078668E+01, -0.41709347E+01
  0.44178647E+01,  0.88825232E+00,  0.82509911E+00,  0.76125288E+00,  0.69627231E+00,  0.63156569E+00,  0.56733441E+00,  0.50366116E+00,  0.44037306E+00,  0.37685528E+00,  0.31273890E+00,  0.24770486E+00,  0.18160371E+00,  0.11450844E+00,  0.46376899E-01, -0.23001136E-01, -0.93621209E-01, -0.16534390E+00, -0.23850720E+00, -0.31327173E+00, -0.38788250E+00, -0.46277472E+00, -0.53763580E+00, -0.60655671E+00, -0.67031974E+00, -0.73520428E+00, -0.80418557E+00, -0.87689221E+00, -0.95337540E+00, -0.10340018E+01, -0.11190200E+01, -0.12088591E+01, -0.13040096E+01, -0.14050748E+01, -0.15128508E+01, -0.16283957E+01, -0.17532190E+01, -0.18895193E+01, -0.20404844E+01, -0.22107677E+01, -0.24094567E+01, -0.26545587E+01, -0.29919324E+01, -0.35204446E+01, -0.41267200E+01, -0.41953454E+01, -0.42639713E+01, -0.43325968E+01, -0.44012222E+01, -0.44698482E+01, -0.45384736E+01
  0.45160394E+01,  0.88825232E+00,  0.82259870E+00,  0.75628167E+00,  0.68886429E+00,  0.62186790E+00,  0.55544680E+00,  0.48971173E+00,  0.42438453E+00,  0.35884428E+00,  0.29270682E+00,  0.22560492E+00,  0.15742691E+00,  0.88265024E-01,  0.18009728E-01, -0.53524394E-01, -0.12626790E+00, -0.20015471E+00, -0.27581194E+00, -0.35289630E+00, -0.42920399E+00, -0.50698394E+00, -0.58591026E+00, -0.65564674E+00, -0.71968722E+00, -0.78648132E+00, -0.85833651E+00, -0.93365097E+00, -0.10126332E+01, -0.10960400E+01, -0.11840807E+01, -0.12771959E+01, -0.13759413E+01, -0.14809777E+01, -0.15931851E+01, -0.17137390E+01, -0.18443143E+01, -0.19873540E+01, -0.21463919E+01, -0.23265262E+01, -0.25375137E+01, -0.27978628E+01, -0.31500835E+01, -0.36422052E+01, -0.40956750E+01, -0.41637845E+01, -0.42318935E+01, -0.43000031E+01, -0.43681126E+01, -0.44362216E+01, -0.45043311E+01
  0.46142142E+01,  0.88825232E+00,  0.82101971E+00,  0.75317359E+00,  0.68432117E+00,  0.61599505E+00,  0.54830039E+00,  0.48139763E+00,  0.41491523E+00,  0.34824833E+00,  0.28098929E+00,  0.21274972E+00,  0.14345764E+00,  0.73195249E-01,  0.18141053E-02, -0.70816427E-01, -0.14460586E+00, -0.21965350E+00, -0.29665580E+00, -0.37463567E+00, -0.45209673E+00, -0.53248864E+00, -0.61149985E+00, -0.68033272E+00, -0.74588859E+00, -0.81501353E+00, -0.88799506E+00, -0.96420479E+00, -0.10442718E+01, -0.11287335E+01, -0.12177436E+01, -0.13117818E+01, -0.14114015E+01, -0.15172251E+01, -0.16301050E+01, -0.17511473E+01, -0.18819246E+01, -0.20246861E+01, -0.21825893E+01, -0.23599179E+01, -0.25645506E+01, -0.28096583E+01, -0.31185579E+01, -0.35210681E+01, -0.39153037E+01, -0.39804134E+01, -0.40455232E+01, -0.41106334E+01, -0.41757431E+01, -0.42408528E+01, -0.43059630E+01
  0.47123890E+01,  0.88825232E+00,  0.82051939E+00,  0.75222188E+00,  0.68300778E+00,  0.61439037E+00,  0.54642004E+00,  0.47926697E+00,  0.41254213E+00,  0.34566092E+00,  0.27821204E+00,  0.20980275E+00,  0.14037316E+00,  0.70001043E-01, -0.14755803E-02, -0.74164994E-01, -0.14797585E+00, -0.22303531E+00, -0.30004543E+00, -0.37793931E+00, -0.45541894E+00, -0.53604746E+00, -0.61491138E+00, -0.68373066E+00, -0.74978137E+00, -0.81928015E+00, -0.89204967E+00, -0.96799618E+00, -0.10476809E+01, -0.11314189E+01, -0.12194535E+01, -0.13122103E+01, -0.14101703E+01, -0.15138819E+01, -0.16240804E+01, -0.17417002E+01, -0.18680470E+01, -0.20049386E+01, -0.21548700E+01, -0.23210607E+01, -0.25093434E+01, -0.27290554E+01, -0.29959424E+01, -0.33405321E+01, -0.37004528E+01, -0.37619898E+01, -0.38235269E+01, -0.38850639E+01, -0.39466009E+01, -0.40081377E+01, -0.40696750E+01
  0.48105638E+01,  0.88825232E+00,  0.82115322E+00,  0.75352275E+00,  0.68502063E+00,  0.61710739E+00,  0.54982799E+00,  0.48332760E+00,  0.41726610E+00,  0.35105503E+00,  0.28431228E+00,  0.21666586E+00,  0.14802383E+00,  0.78478083E-01,  0.78831287E-02, -0.63900024E-01, -0.13681430E+00, -0.21082118E+00, -0.28651676E+00, -0.36354095E+00, -0.43994418E+00, -0.51817513E+00, -0.59754407E+00, -0.66729200E+00, -0.73200113E+00, -0.79990190E+00, -0.87180334E+00, -0.94643736E+00, -0.10243359E+01, -0.11060026E+01, -0.11915855E+01, -0.12814271E+01, -0.13759618E+01, -0.14756490E+01, -0.15810971E+01, -0.16930909E+01, -0.18126783E+01, -0.19413525E+01, -0.20810513E+01, -0.22343528E+01, -0.24059258E+01, -0.26033471E+01, -0.28394620E+01, -0.31428635E+01, -0.34684069E+01, -0.35260851E+01, -0.35837634E+01, -0.36414413E+01, -0.36991196E+01, -0.37567978E+01, -0.38144760E+01
  0.49087385E+01,  0.88825232E+00,  0.82284600E+00,  0.75691414E+00,  0.69011801E+00,  0.62382948E+00,  0.55812764E+00,  0.49311525E+00,  0.42854300E+00,  0.36382756E+00,  0.29860863E+00,  0.23256785E+00,  0.16555761E+00,  0.97660281E-01,  0.28805718E-01, -0.41174214E-01, -0.11232980E+00, -0.18458793E+00, -0.25794363E+00, -0.33281535E+00, -0.40817234E+00, -0.48308164E+00, -0.55874389E+00, -0.63011152E+00, -0.69493562E+00, -0.76001179E+00, -0.82932508E+00, -0.90199602E+00, -0.97726917E+00, -0.10558137E+01, -0.11379893E+01, -0.12239363E+01, -0.13140352E+01, -0.14087105E+01, -0.15084651E+01, -0.16139586E+01, -0.17260867E+01, -0.18460914E+01, -0.19756138E+01, -0.21168087E+01, -0.22736712E+01, -0.24527423E+01, -0.26652443E+01, -0.29372230E+01, -0.32307572E+01, -0.32844834E+01, -0.33382096E+01, -0.33919358E+01, -0.34456618E+01, -0.34993880E+01, -0.35531142E+01
  0.50069133E+01,  0.88825232E+00,  0.82543194E+00,  0.76206470E+00,  0.69782251E+00,  0.63395596E+00,  0.57061100E+00,  0.50785738E+00,  0.44550464E+00,  0.38303471E+00,  0.32006660E+00,  0.25635183E+00,  0.19172722E+00,  0.12620582E+00,  0.59792150E-01, -0.76411460E-02, -0.76154172E-01, -0.14587703E+00, -0.21670692E+00, -0.28828487E+00, -0.36071181E+00, -0.43450138E+00, -0.50657535E+00, -0.57329363E+00, -0.63713598E+00, -0.70170474E+00, -0.76821893E+00, -0.83750135E+00, -0.90961802E+00, -0.98457992E+00, -0.10626692E+01, -0.11441658E+01, -0.12293433E+01, -0.13185627E+01, -0.14122795E+01, -0.15110651E+01, -0.16157026E+01, -0.17272791E+01, -0.18472428E+01, -0.19774809E+01, -0.21215687E+01, -0.22852700E+01, -0.24786932E+01, -0.27254481E+01, -0.29907873E+01, -0.30405228E+01, -0.30902584E+01, -0.31399939E+01, -0.31897295E+01, -0.32394650E+01, -0.32892005E+01
  0.51050881E+01,  0.88825232E+00,  0.82872272E+00,  0.76860732E+00,  0.70760524E+00,  0.64683700E+00,  0.58651447E+00,  0.52670139E+00,  0.46720004E+00,  0.40762445E+00,  0.34755626E+00,  0.28678221E+00,  0.22518064E+00,  0.16271383E+00,  0.99351473E-01,  0.35034090E-01, -0.30248152E-01, -0.96504703E-01, -0.16396090E+00, -0.23252247E+00, -0.30127847E+00, -0.37044093E+00, -0.44012681E+00, -0.50522679E+00, -0.56564981E+00, -0.62653208E+00, -0.69012743E+00, -0.75621063E+00, -0.82456905E+00, -0.89544606E+00, -0.96914655E+00, -0.10458624E+01, -0.11258454E+01, -0.12094253E+01, -0.12970054E+01, -0.13890973E+01, -0.14863987E+01, -0.15898904E+01, -0.17008631E+01, -0.18210503E+01, -0.19537299E+01, -0.21041555E+01, -0.22815804E+01, -0.25071559E+01, -0.27484963E+01, -0.27942026E+01, -0.28399088E+01, -0.28856153E+01, -0.29313216E+01, -0.29770279E+01, -0.30227344E+01
  0.52032628E+01,  0.88825232E+00,  0.83255184E+00,  0.77622187E+00,  0.71901304E+00,  0.66191453E+00,  0.60516453E+00,  0.54885745E+00,  0.49276337E+00,  0.43661603E+00,  0.38000897E+00,  0.32272026E+00,  0.26465484E+00,  0.20579745E+00,  0.14608282E+00,  0.85446313E-01,  0.23876304E-01, -0.38625684E-01, -0.10206105E+00, -0.16639856E+00, -0.23130375E+00, -0.29717648E+00, -0.36269209E+00, -0.42327163E+00, -0.48039278E+00, -0.53841770E+00, -0.59851056E+00, -0.66059548E+00, -0.72477019E+00, -0.79127336E+00, -0.86027640E+00, -0.93196291E+00, -0.10065727E+01, -0.10843972E+01, -0.11657982E+01, -0.12512389E+01, -0.13413497E+01, -0.14370238E+01, -0.15394267E+01, -0.16501567E+01, -0.17722086E+01, -0.19105035E+01, -0.20737007E+01, -0.22812052E+01, -0.25025384E+01, -0.25441546E+01, -0.25857708E+01, -0.26273870E+01, -0.26690030E+01, -0.27106192E+01, -0.27522354E+01
  0.53014376E+01,  0.88825232E+00,  0.83678812E+00,  0.78465807E+00,  0.73168552E+00,  0.67871958E+00,  0.62599754E+00,  0.57365501E+00,  0.52145976E+00,  0.46918482E+00,  0.41649985E+00,  0.36317185E+00,  0.30910647E+00,  0.25428995E+00,  0.19868238E+00,  0.14221090E+00,  0.84893182E-01,  0.26742628E-01, -0.32369930E-01, -0.92435397E-01, -0.15287255E+00, -0.21382008E+00, -0.27469158E+00, -0.33154470E+00, -0.38504905E+00, -0.43919629E+00, -0.49513125E+00, -0.55289334E+00, -0.61256558E+00, -0.67434508E+00, -0.73836124E+00, -0.80478740E+00, -0.87384081E+00, -0.94577974E+00, -0.10209311E+01, -0.10997131E+01, -0.11826966E+01, -0.12706959E+01, -0.13647840E+01, -0.14664299E+01, -0.15783403E+01, -0.17050943E+01, -0.18549597E+01, -0.20457938E+01, -0.22499492E+01, -0.22873650E+01, -0.23247807E+01, -0.23621964E+01, -0.23996119E+01, -0.24370277E+01, -0.24744434E+01
  0.53996124E+01,  0.88825232E+00,  0.84133309E+00,  0.79373032E+00,  0.74533683E+00,  0.69687551E+00,  0.64856172E+00,  0.60055739E+00,  0.55267024E+00,  0.50466752E+00,  0.45628154E+00,  0.40730536E+00,  0.35764551E+00,  0.30728322E+00,  0.25617522E+00,  0.20426701E+00,  0.15156420E+00,  0.98104902E-01,  0.43796349E-01, -0.11339962E-01, -0.66803820E-01, -0.12292438E+00, -0.17913152E+00, -0.23143958E+00, -0.28063196E+00, -0.33040479E+00, -0.38186723E+00, -0.43497038E+00, -0.48980016E+00, -0.54653114E+00, -0.60527354E+00, -0.66618532E+00, -0.72946489E+00, -0.79534179E+00, -0.86411178E+00, -0.93615222E+00, -0.10119803E+01, -0.10923299E+01, -0.11781803E+01, -0.12708720E+01, -0.13729036E+01, -0.14884752E+01, -0.16255445E+01, -0.18002374E+01, -0.19866457E+01, -0.20196829E+01, -0.20527198E+01, -0.20857570E+01, -0.21187942E+01, -0.21518312E+01, -0.21848683E+01
  0.54977871E+01,  0.88825232E+00,  0.84611362E+00,  0.80329770E+00,  0.75974655E+00,  0.71608818E+00,  0.67249680E+00,  0.62914777E+00,  0.58589011E+00,  0.54250193E+00,  0.49874398E+00,  0.45444748E+00,  0.40952232E+00,  0.36395159E+00,  0.31770274E+00,  0.27071506E+00,  0.22301163E+00,  0.17463897E+00,  0.12547889E+00,  0.75517923E-01,  0.25243973E-01, -0.25609229E-01, -0.76582395E-01, -0.12403183E+00, -0.16848710E+00, -0.21357134E+00, -0.26025385E+00, -0.30835423E+00, -0.35801378E+00, -0.40938792E+00, -0.46256021E+00, -0.51768172E+00, -0.57493001E+00, -0.63451183E+00, -0.69669563E+00, -0.76182222E+00, -0.83036125E+00, -0.90297347E+00, -0.98055214E+00, -0.10642833E+01, -0.11565095E+01, -0.12609334E+01, -0.13847808E+01, -0.15436696E+01, -0.17124051E+01, -0.17408817E+01, -0.17693583E+01, -0.17978349E+01, -0.18263115E+01, -0.18547881E+01, -0.18832647E+01
  0.55959619E+01,  0.88825232E+00,  0.85107499E+00,  0.81325114E+00,  0.77475125E+00,  0.73613024E+00,  0.69751871E+00,  0.65909374E+00,  0.62072104E+00,  0.58222353E+00,  0.54338318E+00,  0.50404817E+00,  0.46414596E+00,  0.42365953E+00,  0.38256326E+00,  0.34080029E+00,  0.29838976E+00,  0.25537920E+00,  0.21165557E+00,  0.16720630E+00,  0.12249731E+00,  0.77280588E-01,  0.31879779E-01, -0.10332841E-01, -0.49826711E-01, -0.89973025E-01, -0.13152218E+00, -0.17431985E+00, -0.21851891E+00, -0.26423532E+00, -0.31154650E+00, -0.36059132E+00, -0.41152635E+00, -0.46453714E+00, -0.51986486E+00, -0.57781774E+00, -0.63881934E+00, -0.70346707E+00, -0.77256435E+00, -0.84719819E+00, -0.92942619E+00, -0.10226902E+01, -0.11334823E+01, -0.12750541E+01, -0.14263777E+01, -0.14500977E+01, -0.14738178E+01, -0.14975379E+01, -0.15212579E+01, -0.15449780E+01, -0.15686980E+01
  0.56941367E+01,  0.88825232E+00,  0.85617548E+00,  0.82350534E+00,  0.79022628E+00,  0.75682342E+00,  0.72340107E+00,  0.69011521E+00,  0.65685022E+00,  0.62346667E+00,  0.58977485E+00,  0.55564314E+00,  0.52100873E+00,  0.48585886E+00,  0.45016763E+00,  0.41388676E+00,  0.37703434E+00,  0.33966076E+00,  0.30166900E+00,  0.26303402E+00,  0.22417210E+00,  0.18486877E+00,  0.14534602E+00,  0.10863003E+00,  0.74278586E-01,  0.39369918E-01,  0.32337639E-02, -0.33998467E-01, -0.72455555E-01, -0.11223458E+00, -0.15340641E+00, -0.19609196E+00, -0.24042819E+00, -0.28657866E+00, -0.33475554E+00, -0.38523039E+00, -0.43837693E+00, -0.49472609E+00, -0.55499053E+00, -0.62014866E+00, -0.69203073E+00, -0.77365518E+00, -0.87106156E+00, -0.99616724E+00, -0.11295557E+01, -0.11483397E+01, -0.11671238E+01, -0.11859078E+01, -0.12046919E+01, -0.12234759E+01, -0.12422600E+01
  0.57923115E+01,  0.88825232E+00,  0.86138278E+00,  0.83399230E+00,  0.80607069E+00,  0.77802855E+00,  0.74995905E+00,  0.72198373E+00,  0.69401026E+00,  0.66592526E+00,  0.63756979E+00,  0.60883802E+00,  0.57967460E+00,  0.55006659E+00,  0.51999730E+00,  0.48942721E+00,  0.45836970E+00,  0.42686576E+00,  0.39482635E+00,  0.36223069E+00,  0.32944065E+00,  0.29629400E+00,  0.26299921E+00,  0.23201853E+00,  0.20298807E+00,  0.17353287E+00,  0.14304908E+00,  0.11162124E+00,  0.79156362E-01,  0.45569193E-01,  0.10797225E-01, -0.25260933E-01, -0.62722869E-01, -0.10172875E+00, -0.14246045E+00, -0.18515086E+00, -0.23012158E+00, -0.27782544E+00, -0.32887447E+00, -0.38410830E+00, -0.44510618E+00, -0.51451957E+00, -0.59736651E+00, -0.70440596E+00, -0.81934083E+00, -0.83296615E+00, -0.84659141E+00, -0.86021674E+00, -0.87384200E+00, -0.88746732E+00, -0.90109265E+00
  0.58904862E+01,  0.88825232E+00,  0.86667097E+00,  0.84465653E+00,  0.82220030E+00,  0.79963470E+00,  0.77703965E+00,  0.75450993E+00,  0.73197204E+00,  0.70933366E+00,  0.68647069E+00,  0.66329825E+00,  0.63977152E+00,  0.61588371E+00,  0.59161919E+00,  0.56693822E+00,  0.54185164E+00,  0.51639855E+00,  0.49053276E+00,  0.46422049E+00,  0.43770999E+00,  0.41084239E+00,  0.38389534E+00,  0.35895461E+00,  0.33554047E+00,  0.31170315E+00,  0.28704786E+00,  0.26163357E+00,  0.23537771E+00,  0.20820762E+00,  0.18007034E+00,  0.15088472E+00,  0.12055335E+00,  0.88960901E-01,  0.55957589E-01,  0.21351935E-01, -0.15120186E-01, -0.53831927E-01, -0.95288448E-01, -0.14018308E+00, -0.18982361E+00, -0.24640469E+00, -0.31409425E+00, -0.40157312E+00, -0.49568942E+00, -0.50393254E+00, -0.51217562E+00, -0.52041876E+00, -0.52866185E+00, -0.53690499E+00, -0.54514807E+00
  0.59886610E+01,  0.88825232E+00,  0.87201875E+00,  0.85545176E+00,  0.83854312E+00,  0.82154423E+00,  0.80451757E+00,  0.78753364E+00,  0.77053988E+00,  0.75346410E+00,  0.73621500E+00,  0.71872765E+00,  0.70096910E+00,  0.68293589E+00,  0.66461140E+00,  0.64596909E+00,  0.62702233E+00,  0.60780185E+00,  0.58825439E+00,  0.56834483E+00,  0.54831660E+00,  0.52808040E+00,  0.50769866E+00,  0.48871401E+00,  0.47100800E+00,  0.45304501E+00,  0.43440223E+00,  0.41516897E+00,  0.39530122E+00,  0.37474003E+00,  0.35344106E+00,  0.33134216E+00,  0.30836880E+00,  0.28443226E+00,  0.25941733E+00,  0.23317662E+00,  0.20550653E+00,  0.17611897E+00,  0.14462458E+00,  0.11048672E+00,  0.72707370E-01,  0.29557467E-01, -0.22138616E-01, -0.89138441E-01, -0.16134192E+00, -0.16402496E+00, -0.16670801E+00, -0.16939107E+00, -0.17207411E+00, -0.17475717E+00, -0.17744021E+00
  0.60868358E+01,  0.88825232E+00,  0.87740833E+00,  0.86633855E+00,  0.85503596E+00,  0.84366918E+00,  0.83228046E+00,  0.82091683E+00,  0.80954474E+00,  0.79811531E+00,  0.78656799E+00,  0.77485865E+00,  0.76296574E+00,  0.75088620E+00,  0.73860848E+00,  0.72611785E+00,  0.71342325E+00,  0.70054018E+00,  0.68742836E+00,  0.67408389E+00,  0.66066438E+00,  0.64706153E+00,  0.63334751E+00,  0.62067544E+00,  0.60884953E+00,  0.59677470E+00,  0.58425784E+00,  0.57135963E+00,  0.55803043E+00,  0.54422945E+00,  0.52993083E+00,  0.51509273E+00,  0.49966344E+00,  0.48358279E+00,  0.46677265E+00,  0.44913253E+00,  0.43052444E+00,  0.41075203E+00,  0.38954708E+00,  0.36654669E+00,  0.34107417E+00,  0.31195530E+00,  0.27692920E+00,  0.23140392E+00,  0.18250033E+00,  0.18553524E+00,  0.18857014E+00,  0.19160505E+00,  0.19463995E+00,  0.19767486E+00,  0.20070976E+00
  0.61850105E+01,  0.88825232E+00,  0.88282424E+00,  0.87728232E+00,  0.87162262E+00,  0.86592954E+00,  0.86022431E+00,  0.85453045E+00,  0.84883165E+00,  0.84310329E+00,  0.83731526E+00,  0.83144516E+00,  0.82548237E+00,  0.81942505E+00,  0.81326777E+00,  0.80700344E+00,  0.80063552E+00,  0.79417056E+00,  0.78759187E+00,  0.78089988E+00,  0.77416271E+00,  0.76732796E+00,  0.76046062E+00,  0.75411403E+00,  0.74816370E+00,  0.74210030E+00,  0.73582339E+00,  0.72934848E+00,  0.72265500E+00,  0.71572495E+00,  0.70854372E+00,  0.70108986E+00,  0.69333750E+00,  0.68525624E+00,  0.67680657E+00,  0.66793770E+00,  0.65857983E+00,  0.64863390E+00,  0.63796550E+00,  0.62639201E+00,  0.61356479E+00,  0.59889573E+00,  0.58127636E+00,  0.55833173E+00,  0.53352052E+00,  0.54239273E+00,  0.55126500E+00,  0.56013721E+00,  0.56900942E+00,  0.57788163E+00,  0.58675390E+00
