PSIP,VPS_m3
  0.00000000E+00,  0.00000000E+00
  0.26496535E-01,  0.47375548E+00
  0.11100256E+00,  0.19469446E+01
  0.26428449E+00,  0.44901018E+01
  0.49941573E+00,  0.81322117E+01
  0.83145916E+00,  0.12882556E+02
  0.12734567E+01,  0.18727764E+02
  0.18356087E+01,  0.25677282E+02
  0.25230684E+01,  0.33757767E+02
  0.33382578E+01,  0.43026745E+02
  0.42815604E+01,  0.53547752E+02
  0.53546038E+01,  0.65386482E+02
  0.65596867E+01,  0.78600723E+02
  0.78978081E+01,  0.93250420E+02
  0.93670282E+01,  0.10939848E+03
  0.10961244E+02,  0.12708514E+03
  0.12671050E+02,  0.14633501E+03
  0.14491280E+02,  0.16720404E+03
  0.16436655E+02,  0.18978563E+03
  0.18513239E+02,  0.21399467E+03
  0.20719482E+02,  0.23982585E+03
  0.23127697E+02,  0.26704538E+03
  0.25801092E+02,  0.29426135E+03
  0.28669102E+02,  0.32109314E+03
  0.31644140E+02,  0.34917255E+03
  0.34654079E+02,  0.37914774E+03
  0.37681904E+02,  0.41111111E+03
  0.40731270E+02,  0.44522531E+03
  0.43799023E+02,  0.48163953E+03
  0.46882534E+02,  0.52050391E+03
  0.49980667E+02,  0.56199396E+03
  0.53092495E+02,  0.60630713E+03
  0.56217171E+02,  0.65366583E+03
  0.59353901E+02,  0.70433148E+03
  0.62501408E+02,  0.75861542E+03
  0.65658081E+02,  0.81690533E+03
  0.68822678E+02,  0.87970477E+03
  0.71993378E+02,  0.94762915E+03
  0.75167824E+02,  0.10214472E+04
  0.78354172E+02,  0.11024965E+04
  0.81557510E+02,  0.11927489E+04
  0.84740219E+02,  0.12946598E+04
  0.87949692E+02,  0.14085709E+04
  0.91358337E+02,  0.15416486E+04
